Supermatrix_ID,Anatomical Region,Composite,ID,A_anamensis,A_afarensis,A_africanus,A_garhi,K_platyops,P_robustus,P_boisei,P_aethiopicus,A_sediba,,,,,,,,,,,,,,,
1,Cranial,Vault,1,NA,Small,Small,Small,Small,Small,Small,Small,Small,,,,,,,,,,,,,,,
2,Cranial,Vault,2,NA,Lateral flare with posterior protrusion,Lateral flare with posterior protrusion,NA,NA,Tucked,Tucked,Lateral flare with posterior protrusion,NA,,,,,,,,,,,,,,,
3,Cranial,Vault,7,NA,Thick,Thin,NA,NA,Thin,Thin,Thin,NA,,,,,,,,,,,,,,,
4,Cranial,Vault,8,NA,Low,High,NA,NA,NA,Low,Low,NA,,,,,,,,,,,,,,,
5,Cranial,Vault,9,NA,NA,Long low cranium,NA,NA,NA,NA,NA,NA,,,,,,,,,,,,,,,
6,Cranial,Vault,12,NA,Moderate,High,NA,NA,Low,Low,NA,NA,,,,,,,,,,,,,,,
7,Cranial,Vault,6,NA,NA,NA,NA,NA,NA,NA,NA,NA,,,,,,,,,,,,,,,
8,Cranial,Vault,5,NA,NA,NA,NA,NA,NA,NA,NA,NA,,,,,,,,,,,,,,,
9,Cranial,Vault,10,NA,Deviates from circle,NA,NA,NA,Deviates from circle,Deviates from circle,Deviates from circle,NA,,,,,,,,,,,,,,,
10,Cranial,Vault,11,NA,Deviates from circle,Aligned with circle,NA,NA,NA,Deviates from circle,Deviates from circle,NA,,,,,,,,,,,,,,,
11,Cranial,Parietal,12,NA,NA,Present,NA,NA,NA,NA,NA,NA,,,,,,,,,,,,,,,
12,Cranial,Parietal,3,NA,Absent,Absent,Absent,NA,Absent,Absent,Absent,Present,,,,,,,,,,,,,,,
13,Cranial,Parietal,1,NA,Present,Present,Present,Present,Present,Present,Present,NA,,,,,,,,,,,,,,,
14,Cranial,Parietal,6,NA,Absent,Present,NA,NA,NA,Present,NA,NA,,,,,,,,,,,,,,,
15,Cranial,Parietal,2,NA,Absent,Absent,NA,NA,Absent,Absent&Present,Present,NA,,,,,,,,,,,,,,,
16,Cranial,Face,1,NA,NA,Intermediate,NA,NA,Broad,Broad,Intermediate,NA,,,,,,,,,,,,,,,
17,Cranial,Face,4,NA,Tapered,Tapered,NA,NA,Tapered,Tapered,Tapered,Squared,,,,,,,,,,,,,,,
18,Cranial,Face,5,NA,Bipartite,Bipartite&Straight,Bipartite,NA,Straight,Straight,Straight,Straight,,,,,,,,,,,,,,,
19,Cranial,Face,2,NA,Prognathic&Mesognathic,Prognathic&Mesognathic,Prognathic,Mesognathic,Mesognathic,Mesognathic,Prognathic,Mesognathic,,,,,,,,,,,,,,,
20,Cranial,Face,3,NA,Low,Low,Low,Low,High,High,High,Low,,,,,,,,,,,,,,,
21,Cranial,Zygomatic,7,NA,Posterior,Posterior&Intermediate,Posterior,Intermediate,Anterior,Anterior,Anterior,Posterior,,,,,,,,,,,,,,,
22,Cranial,Frontal,18,NA,NA,Absent,NA,NA,NA,Absent,NA,NA,,,,,,,,,,,,,,,
23,Cranial,Frontal,20,NA,NA,Precoronal depression present,NA,NA,NA,Absent,NA,NA,,,,,,,,,,,,,,,
24,Cranial,Frontal,19,NA,NA,Absent,NA,NA,NA,Absent,NA,NA,,,,,,,,,,,,,,,
25,Cranial,Frontal,14,NA,Linear,Linear&Convex,NA,NA,NA,Convex,NA,NA,,,,,,,,,,,,,,,
26,Cranial,Frontal,21,NA,NA,Absent,NA,NA,NA,Absent,NA,NA,,,,,,,,,,,,,,,
27,Cranial,Frontal,3,NA,Absent,Absent&Present,NA,NA,NA,Absent,NA,NA,,,,,,,,,,,,,,,
28,Cranial,Frontal,4,NA,NA,Prominent,Prominent,NA,Prominent,Prominent,Prominent,NA,,,,,,,,,,,,,,,
29,Cranial,Frontal,24,NA,Not a block,Not a block&Block,Not a block,NA,Block,Block,Not a block,Block,,,,,,,,,,,,,,,
30,Cranial,Frontal,17,NA,NA,Absent,NA,NA,NA,Absent,NA,NA,,,,,,,,,,,,,,,
31,Cranial,Frontal,15,NA,NA,Absent,NA,NA,NA,Absent,NA,NA,,,,,,,,,,,,,,,
32,Cranial,Frontal,12,NA,Absent,Present,NA,NA,NA,NA,NA,NA,,,,,,,,,,,,,,,
33,Cranial,Frontal,13,NA,NA,Absent,NA,NA,NA,Absent,NA,NA,,,,,,,,,,,,,,,
34,Cranial,Frontal,16,NA,NA,Absent,NA,NA,NA,Absent,NA,NA,,,,,,,,,,,,,,,
35,Cranial,Frontal,23,NA,Present,Absent,Present,NA,Present,Present,Present,Absent,,,,,,,,,,,,,,,
36,Cranial,Frontal,22,NA,NA,Absent,NA,NA,NA,Absent,NA,NA,,,,,,,,,,,,,,,
37,Cranial,Frontal,6,NA,Present,Present,Present,NA,Present,Present,NA,NA,,,,,,,,,,,,,,,
38,Cranial,Frontal,5,NA,Present,Present,Present,Present,Present,Present,Present,NA,,,,,,,,,,,,,,,
39,Cranial,Frontal,1,NA,NA,Intermediate,NA,NA,Intermediate,Thick,Intermediate,NA,,,,,,,,,,,,,,,
40,Cranial,Frontal,2,NA,Medial to lateral,Medial to lateral&Lateral to medial,NA,NA,Lateral to medial,Medial to lateral&Lateral to medial,Lateral to medial,NA,,,,,,,,,,,,,,,
41,Cranial,Frontal,7,NA,Torus,Intermediate,Torus,Intermediate,Torus,Torus,Torus,Torus,,,,,,,,,,,,,,,
42,Cranial,Frontal,8,NA,Less arched,Arched,Less arched,Less arched,Arched,Less arched&Arched,Less arched&Arched,Arched,,,,,,,,,,,,,,,
43,Cranial,Frontal,10,NA,Foramen,Foramen,NA,NA,Comma shaped,Comma shaped,Comma shaped,NA,,,,,,,,,,,,,,,
44,Cranial,Frontal,11,NA,Angled,NA,NA,NA,Rounded,Rounded,Rounded,NA,,,,,,,,,,,,,,,
45,Cranial,Orbit,1,NA,Within orbit,Within orbit,NA,Within orbit,Within orbit,Within orbit,Within orbit,NA,,,,,,,,,,,,,,,
46,Cranial,Orbit,4,NA,NA,NA,NA,NA,NA,NA,NA,NA,,,,,,,,,,,,,,,
47,Cranial,Orbit,7,NA,Narrow,Broad,NA,NA,Broad,Broad,Broad,NA,,,,,,,,,,,,,,,
48,Cranial,Orbit,2,NA,NA,Circular,NA,Circular,Circular,Circular,Circular,NA,,,,,,,,,,,,,,,
49,Cranial,Orbit,3,NA,NA,Well below superior nasal margin,NA,NA,Close to superior nasal margin,Close to superior nasal margin,Close to superior nasal margin,NA,,,,,,,,,,,,,,,
50,Cranial,Orbit,5,NA,No,No,NA,No,Yes,No,Yes,No,,,,,,,,,,,,,,,
51,Cranial,Orbit,6,NA,High,NA,NA,NA,Low,High&Low,Low,High,,,,,,,,,,,,,,,
52,Cranial,Nasal,1,NA,NA,Present,NA,NA,Absent,Absent,Absent,NA,,,,,,,,,,,,,,,
53,Cranial,Nasal,2,NA,Expanded,Tapered&Expanded,NA,NA,Expanded,Expanded,Expanded,Not projected,,,,,,,,,,,,,,,
54,Cranial,Nasal,6,NA,NA,None,NA,NA,None,None&Slight,Slight,Slight,,,,,,,,,,,,,,,
55,Cranial,Nasal,4,NA,NA,Flat,NA,NA,NA,NA,NA,NA,,,,,,,,,,,,,,,
56,Cranial,Nasal,3,Stepped,Stepped,Stepped,Stepped,Stepped,Smooth,Smooth,Smooth,Stepped,,,,,,,,,,,,,,,
57,Cranial,Nasal,5,NA,Wide,Wide&Narrow,NA,NA,Not projecting,Not projecting,Not projecting,Wide,,,,,,,,,,,,,,,
58,Cranial,Nasal,7,NA,Absent,Anterior,NA,NA,Posterior,Posterior,Posterior,Anterior,,,,,,,,,,,,,,,
59,Cranial,Nasal,8,NA,NA,NA,NA,NA,NA,NA,NA,NA,,,,,,,,,,,,,,,
60,Cranial,Maxilla,13,NA,Sharp,Sharp&Dull,Sharp,NA,Dull,Sharp&Dull,Dull,Dull,,,,,,,,,,,,,,,
61,Cranial,Maxilla,1,NA,Intermediate,Intermediate,Intermediate,High,Intermediate,Intermediate,Intermediate,Low,,,,,,,,,,,,,,,
62,Cranial,Maxilla,2,NA,Long,Long,Long,NA,Long,Long,Long,NA,,,,,,,,,,,,,,,
63,Cranial,Maxilla,12,NA,NA,NA,NA,NA,NA,NA,NA,NA,,,,,,,,,,,,,,,
64,Cranial,Maxilla,15,Convex,Convex,Straight,Convex,Straight,Concave,Concave,Concave,Straight,,,,,,,,,,,,,,,
65,Cranial,Maxilla,9,NA,Beyond bicanine line,Beyond bicanine line,Beyond bicanine line,Within bicanine line,Within bicanine line,Within bicanine line,Within bicanine line,Beyond bicanine line,,,,,,,,,,,,,,,
66,Cranial,Palate,1,NA,NA,Broad,NA,NA,Broad,Broad,Broad,NA,,,,,,,,,,,,,,,
67,Cranial,Palate,2,Intermediate,Intermediate,Intermediate,NA,NA,Extensive canal,Extensive canal,Extensive canal,NA,,,,,,,,,,,,,,,
68,Cranial,Palate,3,Thin,Thin,Thin,Thin,Thin,Thick,Thick,Thick,NA,,,,,,,,,,,,,,,
69,Cranial,Palate,4,NA,NA,P3,NA,NA,NA,NA,NA,NA,,,,,,,,,,,,,,,
70,Cranial,Palate,5,Shallow,Shallow,Deep,Shallow,Deep,Shallow,Shallow&Deep,Shallow,Deep,,,,,,,,,,,,,,,
71,Cranial,Palate,6,NA,Nearly horizontal,Nearly horizontal,NA,NA,Steep posterior angle,Steep posterior angle,Nearly horizontal,NA,,,,,,,,,,,,,,,
72,Cranial,Maxilla,16,NA,Marked,NA,Marked,NA,Weak,Weak,Weak,Marked,,,,,,,,,,,,,,,
73,Cranial,Maxilla,17,NA,NA,NA,NA,NA,NA,NA,NA,NA,,,,,,,,,,,,,,,
74,Cranial,Maxilla,8,Absent,Absent,Absent&Present,Absent,Absent,Present,Absent,Absent,Absent,,,,,,,,,,,,,,,
75,Cranial,Maxilla,5,Present,Present,Present,Present,NA,Present&Absent,Absent,Present&Absent,Present,,,,,,,,,,,,,,,
76,Cranial,Maxilla,10,NA,Absent,Absent,Absent,NA,Present,Absent&Present,Present,Absent,,,,,,,,,,,,,,,
77,Cranial,Maxilla,3,Large,Large,Large,NA,NA,Large,Large,NA,NA,,,,,,,,,,,,,,,
78,Cranial,Maxilla,4,NA,Posterior,Posterior,NA,NA,Anterior,Anterior,NA,NA,,,,,,,,,,,,,,,
79,Cranial,Maxilla,14,NA,Vertical&Sloped,Sloped,NA,NA,Sloped,Sloped,Sloped,Vertical,,,,,,,,,,,,,,,
80,Cranial,Maxilla,11,NA,NA,Wide,NA,NA,NA,NA,NA,NA,,,,,,,,,,,,,,,
81,Cranial,Maxilla,6,NA,Foramen beneath middle third of orbital breadth,Foramen beneath middle third of orbital breadth,NA,NA,Foramen beneath middle third of orbital breadth,Foramen beneath middle third of orbital breadth,NA,NA,,,,,,,,,,,,,,,
82,Cranial,Maxilla,7,NA,Obliterated,Patent&Obliterated,NA,NA,Obliterated,Obliterated,Obliterated,Trace,,,,,,,,,,,,,,,
83,Cranial,Maxilla,18,M1,P4-M1,P4-M1,P4-M1,P3-P4,P3-P4,P3-P4,P3-P4,NA,,,,,,,,,,,,,,,
84,Cranial,Zygomatic,9,NA,Straight&Curved,Straight,NA,NA,Straight,Straight,Straight,Straight,,,,,,,,,,,,,,,
85,Cranial,Zygomatic,1,NA,NA,Short,NA,NA,Intermediate,Long,Long,NA,,,,,,,,,,,,,,,
86,Cranial,Zygomatic,20,NA,NA,Anteriorly inclined,NA,NA,Anteriorly inclined,Anteriorly inclined,Anteriorly inclined,NA,,,,,,,,,,,,,,,
87,Cranial,Zygomatic,2,NA,High,High,NA,Low,High,High,Low,NA,,,,,,,,,,,,,,,
88,Cranial,Zygomatic,3,NA,At or below plane of orbital rim,At or below plane of orbital rim,NA,NA,At or below plane of orbital rim,At or below plane of orbital rim,NA,NA,,,,,,,,,,,,,,,
89,Cranial,Zygomatic,5,NA,NA,Frontal&Frontolateral,NA,NA,Frontolateral,Frontal&Frontolateral,NA,NA,,,,,,,,,,,,,,,
90,Cranial,Zygomatic,6,NA,Thin,Thin,NA,NA,Thick,Thick,Thick,Thin,,,,,,,,,,,,,,,
91,Cranial,Zygomatic,10,NA,Laterally divergent,Laterally divergent,NA,NA,Vertical,Laterally divergent,Laterally divergent,Vertical,,,,,,,,,,,,,,,
92,Cranial,Zygomatic,11,NA,NA,Indented,NA,NA,Curved,Curved,NA,Curved,,,,,,,,,,,,,,,
93,Cranial,Zygomatic,4,NA,Low,High,Low,Low,High,High,High,High,,,,,,,,,,,,,,,
94,Cranial,Zygomatic,8,NA,Anterior,Posterior,NA,Anterior,Anterior,Anterior,Anterior,Posterior,,,,,,,,,,,,,,,
95,Cranial,Zygomatic,19,NA,Deeply excavated,Flat,NA,NA,Flat,Flat,Flat,NA,,,,,,,,,,,,,,,
96,Cranial,Zygomatic,12,NA,Prominent,Prominent,NA,NA,Prominent,Prominent,Prominent,Slight,,,,,,,,,,,,,,,
97,Cranial,Zygomatic,14,NA,Absent,Absent,NA,NA,Present,Absent,Absent,Absent,,,,,,,,,,,,,,,
98,Cranial,Zygomatic,15,NA,Above,Level,NA,NA,Above,Above,Above,Level,,,,,,,,,,,,,,,
99,Cranial,Zygomatic,16,NA,At orbit,At orbit,NA,NA,At orbit,Above orbit,Above orbit,NA,,,,,,,,,,,,,,,
100,Cranial,Zygomatic,13,NA,Marked,Marked,NA,NA,Marked,Marked,Marked,Slight,,,,,,,,,,,,,,,
101,Cranial,Zygomatic,17,NA,Sagittal,Sagittal,NA,NA,Sagittal,Deviant,Sagittal,NA,,,,,,,,,,,,,,,
102,Cranial,Zygomatic,18,NA,Undivided,Undivided,NA,NA,Divided,Divided,Undivided,NA,,,,,,,,,,,,,,,
103,Cranial,Frontal,9,NA,Moderate,Moderate,Moderate,Moderate,Marked,Marked,Marked,Slight,,,,,,,,,,,,,,,
104,Cranial,Temporal,76,NA,NA,Intermediate,NA,NA,Intermediate,Large,Large,NA,,,,,,,,,,,,,,,
105,Cranial,Temporal,63,NA,Narrow,Narrow,NA,NA,Wide,Wide,Wide,Narrow,,,,,,,,,,,,,,,
106,Cranial,Temporal,2,Near plane,Near plane,High above plane,NA,NA,High above plane,High above plane,High above plane,NA,,,,,,,,,,,,,,,
107,Cranial,Temporal,4,NA,Posterior,Posterior,NA,NA,Posterior,Anterior,Posterior,NA,,,,,,,,,,,,,,,
108,Cranial,Temporal,5,NA,Single plane,Single plane,NA,NA,Single plane,Mediolateral twisted,Single plane,NA,,,,,,,,,,,,,,,
109,Cranial,Temporal,3,NA,NA,Steep,NA,NA,NA,More pronounced,NA,NA,,,,,,,,,,,,,,,
110,Cranial,Temporal,6,NA,NA,Developed,NA,NA,NA,Developed,NA,NA,,,,,,,,,,,,,,,
111,Cranial,Temporal,7,NA,NA,Not or slightly projecting,NA,NA,NA,Projecting,NA,NA,,,,,,,,,,,,,,,
112,Cranial,Temporal,11,NA,Continuous,Not continuous,NA,NA,NA,Continuous,NA,NA,,,,,,,,,,,,,,,
113,Cranial,Temporal,8,NA,Small rounded profile,Large rounded profile,NA,NA,NA,Small rounded profile,NA,NA,,,,,,,,,,,,,,,
114,Cranial,Temporal,9,NA,NA,Flat,NA,NA,NA,Large rounded profile,NA,NA,,,,,,,,,,,,,,,
115,Cranial,Temporal,10,NA,NA,Not integrated,NA,NA,NA,Integrated,NA,NA,,,,,,,,,,,,,,,
116,Cranial,Temporal,24,NA,NA,Absent,NA,NA,NA,Absent,NA,NA,,,,,,,,,,,,,,,
117,Cranial,Temporal,25,NA,NA,Wide,NA,NA,NA,Wide,NA,NA,,,,,,,,,,,,,,,
118,Cranial,Temporal,26,NA,Same level,Posterior,NA,NA,NA,Same level,NA,NA,,,,,,,,,,,,,,,
119,Cranial,Temporal,27,NA,NA,Projecting,NA,NA,NA,Not projecting,NA,NA,,,,,,,,,,,,,,,
120,Cranial,Temporal,62,NA,Very shallow to absent,Very shallow to absent,NA,NA,Very shallow to absent,Very shallow to absent,NA,NA,,,,,,,,,,,,,,,
121,Cranial,Temporal,51,NA,Stretched,Stretched,NA,NA,NA,Not stretched,NA,NA,,,,,,,,,,,,,,,
122,Cranial,Temporal,52,NA,NA,NA,NA,NA,NA,NA,NA,NA,,,,,,,,,,,,,,,
123,Cranial,Temporal,83,NA,None,None,NA,NA,NA,None,NA,NA,,,,,,,,,,,,,,,
124,Cranial,Temporal,34,NA,Horizontal,Horizontal,NA,NA,NA,Oblique,NA,NA,,,,,,,,,,,,,,,
125,Cranial,Temporal,32,NA,NA,Absent,NA,NA,NA,Absent,NA,NA,,,,,,,,,,,,,,,
126,Cranial,Temporal,35,NA,NA,NA,NA,NA,NA,NA,NA,NA,,,,,,,,,,,,,,,
127,Cranial,Temporal,33,NA,Narrow,Wide,NA,NA,NA,Wide,NA,NA,,,,,,,,,,,,,,,
128,Cranial,Temporal,30,Shallow,Shallow,Shallow&Deep,NA,Shallow&Deep,Shallow&Deep,Deep,Shallow,NA,,,,,,,,,,,,,,,
129,Cranial,Temporal,86,NA,NA,NA,NA,NA,NA,NA,NA,NA,,,,,,,,,,,,,,,
130,Cranial,Temporal,31,NA,NA,Flat or concave,NA,NA,NA,Flat or concave,NA,NA,,,,,,,,,,,,,,,
131,Cranial,Temporal,47,NA,NA,Round,NA,NA,NA,Round,NA,NA,,,,,,,,,,,,,,,
132,Cranial,Temporal,48,NA,Unfused,Fused&Unfused,NA,NA,Fused,Fused&Unfused,Fused&Unfused,NA,,,,,,,,,,,,,,,
133,Cranial,Temporal,49,NA,Large,Large&Medium,NA,NA,Small,Medium&Small,Medium,NA,,,,,,,,,,,,,,,
134,Cranial,Temporal,50,NA,Overlaps,Overlaps,NA,NA,NA,NA,NA,NA,,,,,,,,,,,,,,,
135,Cranial,Temporal,85,NA,Small or absent,Small or absent,NA,NA,Moderate to large,Moderate to large,Small or absent,NA,,,,,,,,,,,,,,,
136,Cranial,Temporal,61,NA,NA,Unfused,NA,NA,NA,NA,NA,NA,,,,,,,,,,,,,,,
137,Cranial,Temporal,43,NA,NA,Ossified with projection,NA,NA,NA,Ossified with projection,Ossified with projection,NA,,,,,,,,,,,,,,,
138,Cranial,Temporal,44,NA,Intermediate,Intermediate,NA,NA,Coronal,Coronal,Coronal,NA,,,,,,,,,,,,,,,
139,Cranial,Temporal,45,NA,"Absent, weak",Moderate to strong,NA,NA,Moderate to strong,Moderate to strong,Moderate to strong,NA,,,,,,,,,,,,,,,
140,Cranial,Temporal,79,Tubular,Tubular,Platelike,NA,Tubular,Platelike,Platelike,Platelike,NA,,,,,,,,,,,,,,,
141,Cranial,Temporal,80,NA,Present,Absent,NA,NA,NA,NA,NA,NA,,,,,,,,,,,,,,,
142,Cranial,Temporal,82,NA,Thick,Thick,NA,NA,NA,Thick,NA,NA,,,,,,,,,,,,,,,
143,Cranial,Temporal,84,NA,Medial to saddle,Medial to saddle,NA,NA,Lateral to saddle,Lateral to saddle,Medial to saddle,NA,,,,,,,,,,,,,,,
144,Cranial,Temporal,75,NA,NA,NA,NA,NA,NA,NA,NA,NA,,,,,,,,,,,,,,,
145,Cranial,Temporal,17,NA,NA,NA,NA,NA,NA,NA,NA,NA,,,,,,,,,,,,,,,
146,Cranial,Temporal,18,NA,NA,NA,NA,NA,NA,NA,NA,NA,,,,,,,,,,,,,,,
147,Cranial,Temporal,19,NA,NA,NA,NA,NA,NA,NA,NA,NA,,,,,,,,,,,,,,,
148,Cranial,Temporal,20,Medial,Medial,Medial,NA,Medial,Lateral,Lateral,Medial,NA,,,,,,,,,,,,,,,
149,Cranial,Temporal,21,Small,Large,Large,NA,Small,Large,Large,Large,NA,,,,,,,,,,,,,,,
150,Cranial,Temporal,22,NA,NA,Absent,NA,NA,NA,Absent,NA,NA,,,,,,,,,,,,,,,
151,Cranial,Temporal,23,NA,NA,Vertical,NA,NA,NA,Oblique,NA,NA,,,,,,,,,,,,,,,
152,Cranial,Temporal,74,NA,NA,Present,NA,NA,NA,Absent,NA,NA,,,,,,,,,,,,,,,
153,Cranial,Temporal,28,NA,Absent or slight,Present and prominent,NA,NA,Present and prominent,Absent or slight,Absent or slight,NA,,,,,,,,,,,,,,,
154,Cranial,Temporal,36,NA,Present,Present,NA,NA,NA,Absent,NA,NA,,,,,,,,,,,,,,,
155,Cranial,Temporal,59,NA,Absent,Absent,NA,NA,NA,Absent,NA,NA,,,,,,,,,,,,,,,
156,Cranial,Temporal,60,NA,NA,NA,NA,NA,NA,NA,NA,NA,,,,,,,,,,,,,,,
157,Cranial,Temporal,37,NA,High,High,NA,NA,Low,Low,Low,NA,,,,,,,,,,,,,,,
158,Cranial,Temporal,38,NA,Not inflated,Not inflated,NA,NA,Inflated,Inflated,Inflated,NA,,,,,,,,,,,,,,,
159,Cranial,Temporal,39,NA,NA,Large,NA,NA,NA,Large,NA,NA,,,,,,,,,,,,,,,
160,Cranial,Temporal,40,NA,NA,Not medial,NA,NA,NA,Not medial,NA,NA,,,,,,,,,,,,,,,
161,Cranial,Temporal,41,NA,Anterior,Anterior,NA,NA,Anterior,Posterior,Anterior,NA,,,,,,,,,,,,,,,
162,Cranial,Temporal,42,NA,Single posterolateral,Single posterolateral,NA,NA,Discrete posterior and lateral,Single lateral,Single posterolateral,NA,,,,,,,,,,,,,,,
163,Cranial,Temporal,64,NA,Marked,Weak&Marked,NA,NA,NA,Weak,NA,NA,,,,,,,,,,,,,,,
164,Cranial,Temporal,65,NA,NA,Continuous,NA,NA,NA,Continuous,NA,NA,,,,,,,,,,,,,,,
165,Cranial,Temporal,66,NA,NA,Continuous,NA,NA,NA,Not continuous,NA,NA,,,,,,,,,,,,,,,
166,Cranial,Temporal,69,NA,NA,NA,NA,NA,NA,Present,NA,NA,,,,,,,,,,,,,,,
167,Cranial,Temporal,71,NA,NA,Wide,NA,NA,NA,Narrow,NA,NA,,,,,,,,,,,,,,,
168,Cranial,Temporal,72,NA,NA,Present,NA,NA,NA,Absent,NA,NA,,,,,,,,,,,,,,,
169,Cranial,Temporal,73,NA,NA,Present,NA,NA,NA,Absent,NA,NA,,,,,,,,,,,,,,,
170,Cranial,Temporal,67,NA,Strong,Weak,NA,NA,NA,Strong,NA,NA,,,,,,,,,,,,,,,
171,Cranial,Temporal,68,NA,NA,NA,NA,NA,NA,Continuous,NA,NA,,,,,,,,,,,,,,,
172,Cranial,Temporal,70,NA,Parallel,Divergent anteriorly,NA,NA,NA,Parallel,NA,NA,,,,,,,,,,,,,,,
173,Cranial,Temporal,29,NA,Present,Absent,NA,NA,NA,Absent,NA,NA,,,,,,,,,,,,,,,
174,Cranial,Temporal,12,NA,Shallow,Shallow,NA,Deep,Deep,Shallow,NA,NA,,,,,,,,,,,,,,,
175,Cranial,Temporal,13,NA,Short,Short,NA,NA,Long,Long,NA,NA,,,,,,,,,,,,,,,
176,Cranial,Temporal,14,NA,Wide,Wide,NA,Narrow,Narrow,Wide,NA,NA,,,,,,,,,,,,,,,
177,Cranial,Temporal,15,NA,NA,U-shaped,NA,NA,NA,NA,NA,NA,,,,,,,,,,,,,,,
178,Cranial,Temporal,16,NA,NA,NA,NA,NA,NA,NA,NA,NA,,,,,,,,,,,,,,,
179,Cranial,Temporal,1,NA,NA,Absent,NA,NA,NA,Absent,NA,NA,,,,,,,,,,,,,,,
180,Cranial,Temporal,46,Extensive,Extensive,Extensive,NA,NA,Reduced,Extensive&Reduced,Extensive,Reduced,,,,,,,,,,,,,,,
181,Cranial,Temporal,53,NA,NA,Low,NA,NA,NA,Low,NA,NA,,,,,,,,,,,,,,,
182,Cranial,Temporal,54,NA,NA,Polygonal,NA,NA,NA,Polygonal,NA,NA,,,,,,,,,,,,,,,
183,Cranial,Temporal,55,NA,NA,Rectilinear,NA,NA,NA,Rectilinear,NA,NA,,,,,,,,,,,,,,,
184,Cranial,Temporal,56,NA,Rounded,Rounded&Rectilinear,NA,NA,Rounded,Rounded&Rectilinear,Rounded,NA,,,,,,,,,,,,,,,
185,Cranial,Temporal,57,NA,Flattened,Vertical,NA,NA,Vertical,Vertical,Flattened,NA,,,,,,,,,,,,,,,
186,Cranial,Temporal,58,NA,Not extensive,Not extensive,NA,NA,Not extensive,Extensive,Extensive,NA,,,,,,,,,,,,,,,
187,Cranial,Temporal,78,NA,Moderate&Strong,Moderate,Moderate,Weak&Moderate,Strong,Strong,Strong,Weak,,,,,,,,,,,,,,,
188,Cranial,Temporal,77,NA,Posterior,Intermediate 2,NA,NA,Anterior,Anterior,Intermediate 1,NA,,,,,,,,,,,,,,,
189,Cranial,Temporal,81,NA,Marked projection,Slight,NA,NA,NA,Slight,NA,NA,,,,,,,,,,,,,,,
190,Cranial,Parietal,10,NA,NA,Absent,NA,NA,NA,Present,NA,NA,,,,,,,,,,,,,,,
191,Cranial,Vault,13,NA,Crest,Crest&Wide,Crest,NA,Crest,Crest,Crest,Wide,,,,,,,,,,,,,,,
192,Cranial,Parietal,11,NA,NA,Absent,NA,NA,NA,Absent,NA,NA,,,,,,,,,,,,,,,
193,Cranial,Vault,4,NA,NA,Narrow,NA,NA,NA,Narrow,NA,Wide,,,,,,,,,,,,,,,
194,Cranial,Parietal,7,NA,NA,Lines protruding,NA,NA,NA,Lines protruding,NA,NA,,,,,,,,,,,,,,,
195,Cranial,Parietal,8,NA,NA,High,NA,NA,NA,High,NA,High,,,,,,,,,,,,,,,
196,Cranial,Parietal,4,NA,Strong,Weak,Weak,NA,Weak,Weak,Strong,NA,,,,,,,,,,,,,,,
197,Cranial,Parietal,5,NA,Absent,Absent,NA,NA,NA,Present,NA,NA,,,,,,,,,,,,,,,
198,Cranial,Parietal,9,NA,NA,Present,NA,NA,NA,Absent,NA,NA,,,,,,,,,,,,,,,
199,Cranial,Vault,3,NA,Present,Absent,NA,NA,Absent,Absent,Present,NA,,,,,,,,,,,,,,,
200,Cranial,Occipital,8,NA,NA,Convex,NA,NA,NA,Flat or slightly concave,NA,NA,,,,,,,,,,,,,,,
201,Cranial,Occipital,9,NA,NA,Pentagonal,NA,NA,NA,Triangular,NA,NA,,,,,,,,,,,,,,,
202,Cranial,Occipital,4,NA,Intermediate,Weak,NA,NA,Weak,Weak,Weak,NA,,,,,,,,,,,,,,,
203,Cranial,Occipital,30,NA,Low,Low,NA,NA,Low,Low,Low,NA,,,,,,,,,,,,,,,
204,Cranial,Occipital,3,NA,Extensive,Absent,NA,Partial,Absent,Extensive&Partial,Extensive,Absent,,,,,,,,,,,,,,,
205,Cranial,Occipital,31,NA,Lateral,Absent,NA,NA,Medial,Medial,Medial,NA,,,,,,,,,,,,,,,
206,Cranial,Occipital,24,NA,NA,>110,NA,NA,NA,NA,NA,NA,,,,,,,,,,,,,,,
207,Cranial,Occipital,10,NA,NA,Flat or slightly concave,NA,NA,NA,Flat or slightly concave,NA,NA,,,,,,,,,,,,,,,
208,Cranial,Occipital,5,NA,NA,Large,NA,NA,Small,Small,Small,NA,,,,,,,,,,,,,,,
209,Cranial,Occipital,6,NA,NA,Strong,NA,NA,NA,Strong,NA,NA,,,,,,,,,,,,,,,
210,Cranial,Occipital,25,NA,NA,Transversal,NA,NA,NA,Transversal,NA,NA,,,,,,,,,,,,,,,
211,Cranial,Occipital,7,NA,Shortened,Shortened,NA,NA,NA,NA,NA,NA,,,,,,,,,,,,,,,
212,Cranial,Occipital,11,NA,NA,Present,NA,NA,NA,Present,NA,NA,,,,,,,,,,,,,,,
213,Cranial,Occipital,12,NA,NA,Present,NA,NA,NA,Absent,NA,NA,,,,,,,,,,,,,,,
214,Cranial,Occipital,13,NA,NA,Present,NA,NA,NA,Absent,NA,NA,,,,,,,,,,,,,,,
215,Cranial,Occipital,16,NA,NA,NA,NA,NA,NA,NA,NA,NA,,,,,,,,,,,,,,,
216,Cranial,Occipital,14,NA,NA,Absent,NA,NA,NA,Absent,NA,NA,,,,,,,,,,,,,,,
217,Cranial,Occipital,15,NA,NA,Absent,NA,NA,NA,Absent,NA,NA,,,,,,,,,,,,,,,
218,Cranial,Occipital,17,NA,NA,Present,NA,NA,NA,Present,NA,NA,,,,,,,,,,,,,,,
219,Cranial,Occipital,18,NA,NA,Absent,NA,NA,NA,Absent,NA,NA,,,,,,,,,,,,,,,
220,Cranial,Occipital,29,NA,NA,NA,NA,NA,NA,NA,NA,NA,,,,,,,,,,,,,,,
221,Cranial,Occipital,19,NA,NA,Present,NA,NA,NA,Absent,NA,NA,,,,,,,,,,,,,,,
222,Cranial,Occipital,20,NA,Present,Absent,NA,NA,NA,Absent,NA,NA,,,,,,,,,,,,,,,
223,Cranial,Occipital,26,NA,NA,Not continuous,NA,NA,NA,Not continuous,NA,NA,,,,,,,,,,,,,,,
224,Cranial,Occipital,27,NA,NA,Not continuous,NA,NA,NA,Continuous,NA,NA,,,,,,,,,,,,,,,
225,Cranial,Occipital,28,NA,NA,Not continuous,NA,NA,NA,Continuous,NA,NA,,,,,,,,,,,,,,,
226,Cranial,Occipital,32,NA,NA,NA,NA,NA,NA,NA,NA,NA,,,,,,,,,,,,,,,
227,Cranial,Occipital,33,NA,NA,NA,NA,NA,NA,NA,NA,NA,,,,,,,,,,,,,,,
228,Cranial,Occipital,2,NA,High,Intermediate,NA,Low,High,High,Low,NA,,,,,,,,,,,,,,,
229,Cranial,Occipital,21,NA,Oval,Oval,NA,Oval,Oval,Heart,Heart,NA,,,,,,,,,,,,,,,
230,Cranial,Occipital,22,NA,At line,At line,NA,NA,Anterior,Anterior,At line,NA,,,,,,,,,,,,,,,
231,Cranial,Occipital,23,NA,NA,Posteriorly,NA,NA,Horizontal,Horizontal,NA,NA,,,,,,,,,,,,,,,
232,Cranial,Basicranium,1,NA,Broad,Intermediate,NA,NA,Broad,Broad,Broad,NA,,,,,,,,,,,,,,,
233,Cranial,Basicranium,2,NA,Intermediate,Intermediate,NA,NA,Short,Short,Intermediate,NA,,,,,,,,,,,,,,,
234,Cranial,Basicranium,3,NA,NA,NA,NA,NA,NA,NA,NA,NA,,,,,,,,,,,,,,,
235,Cranial,Basicranium,4,NA,NA,Moderate,NA,NA,Flexed,Flexed,Flat,NA,,,,,,,,,,,,,,,
236,Cranial,Basicranium,5,NA,Squat,Moderate,NA,NA,NA,Squat,Squat,NA,,,,,,,,,,,,,,,
237,Cranial,Occipital,1,NA,Absent or infrequent,Absent or infrequent,NA,NA,Frequently present,Frequently present,NA,NA,,,,,,,,,,,,,,,
238,Cranial,Brain,2,NA,Tucked,Not tucked,NA,NA,Tucked,Tucked,Not tucked,NA,,,,,,,,,,,,,,,
239,Cranial,Brain,3,NA,Rounded,Rounded,NA,NA,Beaked,Beaked,NA,NA,,,,,,,,,,,,,,,
240,Dental,Dentition,1,Thick,Thick,Thick,Thick,Thick,Hyperthick,Hyperthick,Hyperthick,Thick,,,,,,,,,,,,,,,
241,Dental,Dentition,2,NA,Delayed,Delayed,NA,NA,Accelerated,Accelerated,NA,NA,,,,,,,,,,,,,,,
242,Dental,Dentition,4,NA,Present,Present,NA,NA,NA,NA,NA,NA,,,,,,,,,,,,,,,
243,Dental,Dentition,5,NA,NA,NA,NA,NA,NA,NA,NA,NA,,,,,,,,,,,,,,,
244,Dental,Dentiton,3,Absent or weak,Absent or weak,Absent or weak,NA,NA,Absent or weak,Well developed,NA,NA,,,,,,,,,,,,,,,
245,Dental,Incisor,1,Moderate,Moderate,Moderate,Moderate,NA,Moderate&Reduced,Reduced,Moderate,NA,,,,,,,,,,,,,,,
246,Dental,Incisor,2,NA,Similar,Similar,NA,Similar,Dissimilar,Dissimilar,NA,NA,,,,,,,,,,,,,,,
247,Dental,Incisor,4,NA,Procumbent,Procumbent&Vertical,Procumbent,NA,Vertical,Vertical,Vertical,Vertical,,,,,,,,,,,,,,,
248,Dental,Incisor,5,NA,Present,Absent,Present,NA,Absent,Absent,Absent,Absent,,,,,,,,,,,,,,,
249,Dental,Incisor,6,NA,Large,Moderate,Moderate,NA,Small,Small,NA,Moderate,,,,,,,,,,,,,,,
250,Dental,Incisor,3,NA,Marginal,Marginal,NA,NA,Marginal,NA,NA,NA,,,,,,,,,,,,,,,
251,Dental,Incisor,7,NA,Weak,Weak,NA,NA,Moderate,Weak,NA,Weak,,,,,,,,,,,,,,,
252,Dental,Incisor,8,NA,Faint,Faint,NA,NA,Trace,Faint,NA,Faint,,,,,,,,,,,,,,,
253,Dental,Incisor,9,NA,Absent,Absent,NA,NA,Absent,Absent,NA,Absent,,,,,,,,,,,,,,,
254,Dental,Incisor,10,NA,Classic,Classic,NA,NA,NA,NA,NA,NA,,,,,,,,,,,,,,,
255,Dental,Canine,1,More robust,More robust,More robust,More robust,Slender&More robust,More robust,More robust,Slender&More robust,More robust,,,,,,,,,,,,,,,
256,Dental,Canine,3,Moderately dimorphic,"Monomorphic, small canines","Monomorphic, small canines",NA,NA,"Monomorphic, small canines","Monomorphic, small canines",NA,"Monomorphic, small canines",,,,,,,,,,,,,,,
257,Dental,Canine,4,NA,"Apex central, mesial convexity low","Apex central, mesial convexity low",NA,NA,"Apex mesial, mesial convexity high","Apex mesial, mesial convexity high",NA,NA,,,,,,,,,,,,,,,
258,Dental,Canine,5,Somewhat,Somewhat,Somewhat,Somewhat,Somewhat,Very,Very,Somewhat,NA,,,,,,,,,,,,,,,
259,Dental,Canine,7,No,No,No,No,NA,No,No,NA,Yes,,,,,,,,,,,,,,,
260,Dental,Canine,8,NA,Marked,Marked,Marked,NA,Weak,Marked,NA,Weak,,,,,,,,,,,,,,,
261,Dental,Canine,9,NA,Absent,Absent,NA,NA,Absent,NA,NA,Absent,,,,,,,,,,,,,,,
262,Dental,Canine,10,NA,Absent,Faint,NA,NA,Absent,NA,NA,Absent,,,,,,,,,,,,,,,
263,Dental,Canine,11,NA,NA,More symmetric,NA,NA,Symmetric,Symmetric,NA,More symmetric,,,,,,,,,,,,,,,
264,Dental,Canine,12,NA,"Sharp, flared","Sharp, flared",NA,NA,NA,NA,NA,NA,,,,,,,,,,,,,,,
265,Dental,Canine,13,NA,Asymmetrical,Asymmetrical,NA,NA,NA,NA,NA,NA,,,,,,,,,,,,,,,
266,Dental,Canine,6,NA,Prominent,Prominent&Weak,NA,NA,Weak,Weak,NA,Weak,,,,,,,,,,,,,,,
267,Dental,Canine,2,Reduced,Absent,Absent,NA,NA,Absent,Absent,NA,Absent,,,,,,,,,,,,,,,
268,Dental,Premolar,14,NA,None,Minor,Minor,NA,Marked,Marked,Marked,None,,,,,,,,,,,,,,,
269,Dental,Premolar,15,NA,Marked,Marked,Marked,NA,Weak,Weak,NA,Weak,,,,,,,,,,,,,,,
270,Dental,Premolar,16,NA,NA,NA,NA,NA,NA,NA,NA,NA,,,,,,,,,,,,,,,
271,Dental,Premolar,1,Paracone equals protocone,Paracone equals protocone,Paracone equals protocone,Paracone equals protocone,NA,Paracone equals protocone,Paracone equals protocone,Paracone equals protocone,NA,,,,,,,,,,,,,,,
272,Dental,Premolar,11,NA,Two,>Two,NA,NA,Two,NA,NA,Two,,,,,,,,,,,,,,,
273,Dental,Premolar,13,NA,Frequent,Rare,NA,NA,Absent,Absent,NA,NA,,,,,,,,,,,,,,,
274,Dental,Premolar,8,Moderate,Moderate&Weak or absent,Weak or absent,Weak or absent,NA,Weak or absent,Weak or absent,Weak or absent,NA,,,,,,,,,,,,,,,
275,Dental,Premolar,10,NA,Two,Two,NA,NA,Two,Two,NA,Two,,,,,,,,,,,,,,,
276,Dental,Premolar,6,Absent,Infrequent,Frequent,NA,NA,Frequent,Frequent,Frequent,NA,,,,,,,,,,,,,,,
277,Dental,Premolar,17,NA,Asymmetrical,Asymmetrical,NA,NA,NA,NA,NA,NA,,,,,,,,,,,,,,,
278,Dental,Premolar,12,NA,"Two, mesial cusp larger","Two, mesial cusp larger",NA,NA,"Two, mesial cusp larger","Two, mesial cusp larger",NA,"Two, distal cusp larger",,,,,,,,,,,,,,,
279,Dental,Premolar,9,NA,Two,Two,NA,NA,NA,NA,NA,NA,,,,,,,,,,,,,,,
280,Dental,Premolar,18,NA,"Asymmetrical, wide polygon","Asymmetrical, wide polygon",NA,NA,NA,NA,NA,NA,,,,,,,,,,,,,,,
281,Dental,Molar,8,Small,Moderate&Large,Large,Large,NA,Moderate,Large,Large,Large,,,,,,,,,,,,,,,
282,Dental,Molar,28,NA,NA,NA,NA,NA,NA,NA,NA,NA,,,,,,,,,,,,,,,
283,Dental,Molar,29,NA,NA,NA,NA,NA,NA,NA,NA,NA,,,,,,,,,,,,,,,
284,Dental,Molar,30,NA,NA,NA,NA,NA,NA,NA,NA,NA,,,,,,,,,,,,,,,
285,Dental,Molar,4,Fragmented or absent,Fragmented or absent,"Reduced, incomplete&Fragmented or absent",NA,NA,Fragmented or absent,Fragmented or absent,Fragmented or absent,NA,,,,,,,,,,,,,,,
286,Dental,Molar,7,NA,NA,High,NA,NA,Low,Low,Low,NA,,,,,,,,,,,,,,,
287,Dental,Molar,3,"Inflated cusps, limited cristae",Well developed cusps and cristae,"Inflated cusps, limited cristae",NA,NA,Flat_bunodont morphology,Flat_bunodont morphology,NA,NA,,,,,,,,,,,,,,,
288,Dental,Molar,5,NA,NA,NA,NA,NA,NA,NA,NA,NA,,,,,,,,,,,,,,,
289,Dental,Molar,6,NA,NA,NA,NA,NA,NA,NA,NA,NA,,,,,,,,,,,,,,,
290,Dental,Molar,11,"LC margin, BC moderately lingual","LC margin, BC slightly lingual","LC slightly buccal, BC moderately lingual","LC margin, BC slightly lingual",NA,"LC moderately buccal, BC strongly lingual","LC moderately buccal, BC strongly lingual","LC moderately buccal, BC strongly lingual","LC slightly buccal, BC moderately lingual",,,,,,,,,,,,,,,
291,Dental,Molar,12,NA,Equal,Equal,NA,NA,Equal,Equal,NA,Protoconid,,,,,,,,,,,,,,,
292,Dental,Molar,13,NA,Thin,Thicker,NA,NA,Thicker,Thin,NA,Thicker,,,,,,,,,,,,,,,
293,Dental,Molar,33,NA,Squared,Squared,NA,NA,NA,NA,NA,NA,,,,,,,,,,,,,,,
294,Dental,Molar,15,NA,Trace cuspule,Trace cuspule,NA,NA,Small cuspule,Small cuspule,NA,Faint cuspule,,,,,,,,,,,,,,,
295,Dental,Molar,16,NA,Absent,Absent,NA,NA,Absent,Faint,NA,Absent,,,,,,,,,,,,,,,
296,Dental,Molar,14,NA,"Groove, small cusp","Large depression, cusp",NA,NA,"Large depression, cusp",Absent,NA,"Large depression, cusp",,,,,,,,,,,,,,,
297,Dental,Molar,19,NA,Weak,Moderate,NA,NA,Moderate,Large,NA,Weak,,,,,,,,,,,,,,,
298,Dental,Molar,20,NA,Six,Five,NA,NA,Six,Six,NA,Five,,,,,,,,,,,,,,,
299,Dental,Molar,21,NA,Absent-pit,Small cusp,NA,NA,Absent-pit,Curved mesial and distal grooves,NA,Trace cusp,,,,,,,,,,,,,,,
300,Dental,Molar,22,NA,Absent,Small,NA,NA,Faint,Absent,NA,Small,,,,,,,,,,,,,,,
301,Dental,Molar,23,NA,Two,Two,NA,NA,Two,Two,NA,Two,,,,,,,,,,,,,,,
302,Dental,Molar,31,NA,Absent,Absent,NA,NA,NA,NA,NA,NA,,,,,,,,,,,,,,,
303,Dental,Molar,32,NA,Present,Present,NA,NA,NA,NA,NA,NA,,,,,,,,,,,,,,,
304,Dental,Molar,1,Broader than Long,Broader than Long,Broader than Long,NA,NA,Broader than Long,Broader than Long,NA,NA,,,,,,,,,,,,,,,
305,Dental,Molar,17,NA,Large cusp,Very large cusp,NA,NA,Very large cusp,Large cusp,NA,Large cusp,,,,,,,,,,,,,,,
306,Dental,Molar,24,NA,Some X,Y,NA,NA,Y,Y,NA,Y,,,,,,,,,,,,,,,
307,Dental,Molar,25,NA,Six,Five,NA,NA,Six,Greater than 6,NA,Five,,,,,,,,,,,,,,,
308,Dental,Molar,26,NA,Two,Two,NA,NA,Two,NA,NA,Two,,,,,,,,,,,,,,,
309,Dental,Molar,18,NA,Absent,Absent,NA,NA,Absent,Absent,NA,Absent,,,,,,,,,,,,,,,
310,Dental,Molar,27,NA,Absent,Absent,NA,NA,Minimal,Minimal,NA,Absent,,,,,,,,,,,,,,,
311,Dental,Premolar,2,NA,Larger than paracone,Larger than paracone,NA,NA,Larger than paracone,NA,NA,NA,,,,,,,,,,,,,,,
312,Dental,Molar,2,NA,Buccolingually broad,Buccolingually broad,NA,NA,Molarized,Molarized,NA,NA,,,,,,,,,,,,,,,
313,Dental,Premolar,3,NA,Closed distally,Closed distally,NA,NA,Closed distally,Closed distally,NA,NA,,,,,,,,,,,,,,,
314,Dental,Premolar,7,Well defined,Well defined,Well defined,NA,NA,Well defined,Well defined,NA,NA,,,,,,,,,,,,,,,
315,Dental,Molar,9,"MMR slight, protoconid anterior, fovea open","MMR slight, protoconid anterior, fovea open","MMR slight, protoconid anterior, fovea open",NA,NA,"MMR thick, protoconid even with metaconid, fovea closed","MMR thick, protoconid even with metaconid, fovea closed","MMR thick, protoconid even with metaconid, fovea closed",NA,,,,,,,,,,,,,,,
316,Dental,Molar,10,NA,Low,Low,NA,NA,High,High,NA,NA,,,,,,,,,,,,,,,
317,Dental,Premolar,4,NA,Does not reach protoconid apex,Does not reach protoconid apex,NA,NA,Reaches protoconid apex,Does not reach protoconid apex,NA,NA,,,,,,,,,,,,,,,
318,Dental,Premolar,5,Strong,Strong,Strong,NA,NA,Strong,Strong,NA,NA,,,,,,,,,,,,,,,
319,Dental,Mandible,1,Robust,Robust,Robust,NA,NA,NA,Extremely robust,NA,NA,,,,,,,,,,,,,,,
320,Dental,Mandible,11,Receding,Receding,Receding,NA,NA,Vertical,Vertical,Vertical,Vertical,,,,,,,,,,,,,,,
321,Dental,Mandible,17,NA,Absent,Absent,NA,NA,Absent,Absent,Absent,Absent,,,,,,,,,,,,,,,
322,Dental,Mandible,20,NA,NA,NA,NA,NA,NA,NA,NA,NA,,,,,,,,,,,,,,,
323,Dental,Mandible,34,NA,NA,NA,NA,NA,NA,NA,NA,NA,,,,,,,,,,,,,,,
324,Dental,Mandible,35,NA,NA,NA,NA,NA,NA,NA,NA,NA,,,,,,,,,,,,,,,
325,Dental,Mandible,36,NA,NA,NA,NA,NA,NA,NA,NA,NA,,,,,,,,,,,,,,,
326,Dental,Mandible,37,NA,NA,NA,NA,NA,NA,NA,NA,NA,,,,,,,,,,,,,,,
327,Dental,Mandible,18,NA,NA,NA,NA,NA,NA,NA,NA,NA,,,,,,,,,,,,,,,
328,Dental,Mandible,2,Inferior torus stronger than superior torus,Superior torus stronger than inferior torus,Superior torus stronger than inferior torus,NA,NA,Inferior torus stronger than superior torus,Inferior torus stronger than superior torus,NA,NA,,,,,,,,,,,,,,,
329,Dental,Mandible,3,Prominent,Prominent,Prominent,NA,NA,Prominent,Prominent,Prominent,Weak,,,,,,,,,,,,,,,
330,Dental,Mandible,5,NA,NA,NA,NA,NA,NA,NA,NA,NA,,,,,,,,,,,,,,,
331,Dental,Mandible,6,NA,NA,NA,NA,NA,NA,NA,NA,NA,,,,,,,,,,,,,,,
332,Dental,Mandible,7,NA,NA,NA,NA,NA,NA,NA,NA,NA,,,,,,,,,,,,,,,
333,Dental,Mandible,61,NA,NA,NA,NA,NA,NA,NA,NA,NA,,,,,,,,,,,,,,,
334,Dental,Mandible,62,NA,NA,NA,NA,NA,NA,NA,NA,NA,,,,,,,,,,,,,,,
335,Dental,Mandible,19,NA,NA,NA,NA,NA,NA,NA,NA,NA,,,,,,,,,,,,,,,
336,Dental,Mandible,12,Lateral,Anterior&Lateral,Anterior&Lateral,NA,NA,Lateral,Lateral,Lateral,Lateral,,,,,,,,,,,,,,,
337,Dental,Mandible,24,NA,NA,NA,NA,NA,NA,NA,NA,NA,,,,,,,,,,,,,,,
338,Dental,Mandible,25,NA,Low,Intermediate,NA,NA,Intermediate,High,NA,NA,,,,,,,,,,,,,,,
339,Dental,Mandible,39,NA,NA,NA,NA,NA,NA,NA,NA,NA,,,,,,,,,,,,,,,
340,Dental,Mandible,13,Present,Present,Present&Absent,NA,NA,Absent,Absent,Absent,NA,,,,,,,,,,,,,,,
341,Dental,Mandible,32,NA,NA,NA,NA,NA,NA,NA,NA,NA,,,,,,,,,,,,,,,
342,Dental,Mandible,33,NA,Clearly visible,Weak/absent,NA,NA,Clearly visible,Clearly visible,NA,Weak/absent,,,,,,,,,,,,,,,
343,Dental,Mandible,8,NA,Constant,Constant,NA,NA,Constant&Deepens mesially,Constant,Constant,NA,,,,,,,,,,,,,,,
344,Dental,Mandible,10,Small,Small,Small,NA,NA,Large,Large,Large,Small,,,,,,,,,,,,,,,
345,Dental,Mandible,9,NA,Long,Long,NA,NA,Long,Long,Long,Short,,,,,,,,,,,,,,,
346,Dental,Mandible,14,Narrow,Narrow,Narrow&Broad,NA,NA,Broad,Broad,Broad,NA,,,,,,,,,,,,,,,
347,Dental,Mandible,28,NA,NA,NA,NA,NA,NA,NA,NA,NA,,,,,,,,,,,,,,,
348,Dental,Mandible,29,NA,NA,NA,NA,NA,NA,NA,NA,NA,,,,,,,,,,,,,,,
349,Dental,Mandible,15,U shaped,U shaped,Parabolic,U shaped,NA,Parabolic,Parabolic,Parabolic,Parabolic,,,,,,,,,,,,,,,
350,Dental,Mandible,16,Narrow separation,Widely separated,Widely separated,NA,NA,Widely separated,Widely separated,Widely separated,NA,,,,,,,,,,,,,,,
351,Dental,Mandible,38,NA,NA,NA,NA,NA,NA,NA,NA,NA,,,,,,,,,,,,,,,
352,Dental,Mandible,40,NA,NA,NA,NA,NA,NA,NA,NA,NA,,,,,,,,,,,,,,,
353,Dental,Mandible,41,NA,NA,NA,NA,NA,NA,NA,NA,NA,,,,,,,,,,,,,,,
354,Dental,Mandible,42,NA,NA,NA,NA,NA,NA,NA,NA,NA,,,,,,,,,,,,,,,
355,Dental,Mandible,47,NA,NA,NA,NA,NA,NA,NA,NA,NA,,,,,,,,,,,,,,,
356,Dental,Mandible,30,NA,Intermediate,Intermediate,NA,NA,Intermediate,Anterior,NA,NA,,,,,,,,,,,,,,,
357,Dental,Mandible,31,NA,Intermediate,Intermediate,NA,NA,Intermediate,Low,NA,NA,,,,,,,,,,,,,,,
358,Dental,Mandible,50,NA,NA,NA,NA,NA,NA,NA,NA,NA,,,,,,,,,,,,,,,
359,Dental,Mandible,43,NA,NA,NA,NA,NA,NA,NA,NA,NA,,,,,,,,,,,,,,,
360,Dental,Mandible,51,NA,NA,NA,NA,NA,NA,NA,NA,NA,,,,,,,,,,,,,,,
361,Dental,Mandible,52,NA,NA,NA,NA,NA,NA,NA,NA,NA,,,,,,,,,,,,,,,
362,Dental,Mandible,49,NA,NA,NA,NA,NA,NA,NA,NA,NA,,,,,,,,,,,,,,,
363,Dental,Mandible,27,NA,NA,NA,NA,NA,NA,NA,NA,NA,,,,,,,,,,,,,,,
364,Dental,Mandible,21,NA,NA,NA,NA,NA,NA,NA,NA,NA,,,,,,,,,,,,,,,
365,Dental,Mandible,53,NA,NA,NA,NA,NA,NA,NA,NA,NA,,,,,,,,,,,,,,,
366,Dental,Mandible,54,NA,NA,NA,NA,NA,NA,NA,NA,NA,,,,,,,,,,,,,,,
367,Dental,Mandible,48,NA,NA,NA,NA,NA,NA,NA,NA,NA,,,,,,,,,,,,,,,
368,Dental,Mandible,23,NA,NA,NA,NA,NA,NA,NA,NA,NA,,,,,,,,,,,,,,,
369,Dental,Mandible,44,NA,NA,NA,NA,NA,NA,NA,NA,NA,,,,,,,,,,,,,,,
370,Dental,Mandible,45,NA,NA,NA,NA,NA,NA,NA,NA,NA,,,,,,,,,,,,,,,
371,Dental,Mandible,26,NA,NA,NA,NA,NA,NA,NA,NA,NA,,,,,,,,,,,,,,,
372,Dental,Mandible,55,NA,NA,NA,NA,NA,NA,NA,NA,NA,,,,,,,,,,,,,,,
373,Dental,Mandible,59,NA,NA,NA,NA,NA,NA,NA,NA,NA,,,,,,,,,,,,,,,
374,Dental,Mandible,60,NA,NA,NA,NA,NA,NA,NA,NA,NA,,,,,,,,,,,,,,,
375,Dental,Mandible,56,NA,NA,NA,NA,NA,NA,NA,NA,NA,,,,,,,,,,,,,,,
376,Dental,Mandible,57,NA,NA,NA,NA,NA,NA,NA,NA,NA,,,,,,,,,,,,,,,
377,Dental,Mandible,46,NA,NA,NA,NA,NA,NA,NA,NA,NA,,,,,,,,,,,,,,,
378,Dental,Mandible,22,NA,NA,NA,NA,NA,NA,NA,NA,NA,,,,,,,,,,,,,,,
379,Dental,Mandible,4,NA,Not distinct,Not distinct,NA,NA,Not distinct,Not distinct,NA,NA,,,,,,,,,,,,,,,
380,Dental,Mandible,58,NA,NA,NA,NA,NA,NA,NA,NA,NA,,,,,,,,,,,,,,,
